0,4.7 %
1,4.7 %
2,4.7 %
3,4.7 %
4,4.7 %
5,4.7 %
6,5.0 %
7,5.0 %
8,5.0 %
9,6.6 %
10,6.6 %
11,6.6 %
12,7.2 %
13,7.2 %
14,7.2 %
15,4.7 %
16,4.7 %
17,4.7 %
18,4.6 %
19,4.6 %
20,4.6 %
21,4.7 %
22,4.7 %
23,4.7 %
24,6.8 %
25,6.8 %
26,6.8 %
27,4.7 %
28,4.7 %
29,4.7 %
30,4.8 %
31,4.8 %
32,4.8 %
33,4.6 %
34,4.6 %
35,4.6 %
36,4.7 %
37,4.7 %
38,4.7 %
39,0.0 %
40,0.0 %
41,0.0 %
42,3.4 %
43,3.4 %
44,3.4 %
45,3.4 %
46,4.7 %
47,4.7 %
48,4.7 %
49,7.7 %
50,7.7 %
51,7.7 %
52,4.7 %
53,4.7 %
54,4.7 %
55,4.7 %
56,4.7 %
57,4.7 %
58,4.7 %
59,5.5 %
60,5.5 %
61,5.5 %
62,-0.1 %
63,-0.1 %
64,-0.1 %
65,4.7 %
66,4.7 %
67,4.7 %
68,4.7 %
69,4.7 %
70,4.7 %
71,6.5 %
72,6.5 %
73,6.5 %
74,6.3 %
75,6.3 %
76,6.3 %
77,6.3 %
78,4.7 %
79,4.7 %
80,4.7 %
81,4.7 %
82,4.7 %
83,4.7 %
84,4.7 %
85,4.7 %
86,4.7 %
87,6.7 %
88,6.7 %
89,6.7 %
90,7.1 %
91,7.1 %
92,7.1 %
93,4.7 %
94,4.7 %
95,4.7 %
96,5.1 %
97,5.1 %
98,5.1 %
99,4.7 %
100,4.7 %
101,4.7 %
102,0.6 %
103,0.6 %
104,0.6 %
105,6.6 %
106,6.6 %
107,6.6 %
108,4.7 %
109,4.7 %
110,4.7 %
111,4.7 %
112,5.2 %
113,5.2 %
114,5.2 %
115,6.6 %
116,6.6 %
117,6.6 %
118,4.7 %
119,4.7 %
120,4.7 %
121,4.7 %
122,4.7 %
123,4.7 %
124,0.0 %
125,0.0 %
126,0.0 %
127,4.7 %
128,4.7 %
129,4.7 %
130,6.4 %
131,6.4 %
132,6.4 %
133,5.2 %
134,5.2 %
135,5.2 %
136,5.8 %
137,5.8 %
138,5.8 %
139,4.6 %
140,4.6 %
141,4.6 %
142,4.7 %
143,4.7 %
144,4.7 %
145,4.7 %
146,6.3 %
147,6.3 %
148,6.3 %
149,4.7 %
150,4.7 %
151,4.7 %
152,4.7 %
153,4.7 %
154,4.7 %
155,4.7 %
156,4.7 %
157,4.7 %
158,4.7 %
159,4.7 %
160,4.7 %
161,5.7 %
162,5.7 %
163,5.7 %
164,5.7 %
165,5.7 %
166,5.7 %
167,5.7 %
168,5.7 %
169,5.7 %
170,4.7 %
171,4.7 %
172,4.7 %
173,5.0 %
174,5.0 %
175,5.0 %
176,5.5 %
177,5.5 %
178,5.5 %
179,5.0 %
180,5.0 %
181,5.0 %
182,7.1 %
183,7.1 %
184,7.1 %
185,4.7 %
186,4.7 %
187,4.7 %
188,4.7 %
189,4.7 %
190,4.7 %
191,5.3 %
192,5.3 %
193,5.3 %
194,4.7 %
195,4.7 %
196,4.7 %
197,4.7 %
198,4.7 %
199,4.7 %
200,4.7 %
201,4.7 %
202,4.7 %
203,4.7 %
204,4.7 %
205,4.7 %
206,5.9 %
207,5.9 %
208,5.9 %
209,4.7 %
210,10.9 %
211,11.5 %
212,11.5 %
213,7.4 %
214,7.4 %
215,5.0 %
216,5.0 %
217,5.0 %
218,6.1 %
219,6.1 %
220,6.1 %
221,7.2 %
222,7.2 %
223,7.2 %
224,7.8 %
225,7.8 %
226,7.8 %
227,6.9 %
228,6.9 %
229,6.9 %
230,4.7 %
231,4.7 %
232,4.7 %
233,4.7 %
234,4.7 %
235,4.7 %
236,6.6 %
237,6.6 %
238,6.6 %
239,5.1 %
240,5.1 %
241,5.1 %
242,4.9 %
243,4.9 %
244,4.9 %
245,5.9 %
246,5.9 %
247,5.9 %
248,9.3 %
249,9.3 %
250,9.3 %
251,5.6 %
252,5.6 %
253,5.6 %
254,5.1 %
255,5.1 %
256,5.1 %
257,4.3 %
258,4.3 %
259,4.3 %
260,4.7 %
261,4.7 %
262,4.7 %
263,7.4 %
264,7.4 %
265,7.4 %
266,5.7 %
267,5.7 %
268,5.7 %
269,5.8 %
270,5.8 %
271,5.8 %
272,5.1 %
273,5.1 %
274,5.1 %
275,4.8 %
276,4.8 %
277,4.8 %
278,6.2 %
279,6.2 %
280,6.2 %
281,5.3 %
282,5.3 %
283,5.3 %
284,5.1 %
285,5.1 %
286,5.1 %
287,5.1 %
288,5.1 %
289,5.1 %
290,4.7 %
291,4.7 %
292,4.7 %
293,3.7 %
294,3.7 %
295,3.7 %
296,3.7 %
297,5.8 %
298,5.8 %
299,5.8 %
300,5.9 %
301,5.9 %
302,5.9 %
303,5.1 %
304,5.1 %
305,5.1 %
306,5.0 %
307,5.0 %
308,5.0 %
309,8.6 %
310,8.6 %
311,6.4 %
312,6.4 %
313,7.3 %
314,7.3 %
315,7.3 %
316,5.9 %
317,5.9 %
318,4.7 %
319,4.7 %
320,5.2 %
321,5.2 %
322,5.2 %
323,6.0 %
324,6.0 %
325,8.3 %
326,8.3 %
327,7.0 %
328,7.0 %
329,6.6 %
330,6.6 %
331,6.9 %
332,6.9 %
333,4.7 %
334,4.7 %
335,6.2 %
336,6.2 %
337,0.6 %
338,0.6 %
339,7.8 %
340,7.8 %
341,4.7 %
342,4.7 %
343,4.7 %
344,4.7 %
345,4.7 %
346,4.7 %
347,4.7 %
348,7.0 %
349,7.0 %
350,6.3 %
351,6.3 %
352,6.4 %
353,6.4 %
354,7.3 %
355,7.3 %
356,6.8 %
357,6.8 %
358,4.7 %
359,4.7 %
360,4.7 %
361,4.7 %
362,4.7 %
363,4.7 %
364,7.0 %
365,7.0 %
366,4.7 %
367,4.7 %
368,7.0 %
369,7.0 %
370,7.2 %
371,7.2 %
372,6.2 %
373,6.2 %
374,4.7 %
375,4.7 %
376,4.7 %
377,4.7 %
378,8.2 %
379,8.2 %
380,7.5 %
381,7.5 %
382,7.4 %
383,7.4 %
384,6.0 %
385,6.0 %
386,7.0 %
387,7.0 %
388,4.7 %
389,4.7 %
390,0.0 %
391,0.0 %
392,-75.8 %
393,-75.8 %
394,6.6 %
395,6.6 %
396,6.5 %
397,6.5 %
398,6.7 %
399,6.7 %
400,-75.8 %
401,-75.8 %
402,4.7 %
403,4.7 %
404,7.9 %
405,7.9 %
406,5.6 %
407,5.6 %
408,7.1 %
409,7.1 %
410,7.4 %
411,7.4 %
412,7.3 %
413,7.3 %
414,0.6 %
415,0.6 %
416,4.7 %
417,4.7 %
418,4.7 %
419,7.7 %
420,7.7 %
421,7.4 %
422,7.4 %
423,7.8 %
424,7.8 %
425,6.6 %
426,6.6 %
427,5.9 %
428,5.9 %
429,4.7 %
430,4.7 %
431,8.1 %
432,8.1 %
433,7.7 %
434,7.7 %
435,6.6 %
436,6.6 %
437,4.7 %
438,4.7 %
439,7.5 %
440,7.5 %
441,4.7 %
442,4.7 %
443,7.7 %
444,7.7 %
445,7.2 %
446,7.2 %
447,4.7 %
448,4.7 %
449,6.4 %
450,6.4 %
451,6.4 %
452,5.8 %
453,5.8 %
454,6.5 %
455,6.5 %
456,4.7 %
457,4.7 %
458,4.7 %
459,4.7 %
460,7.4 %
461,7.4 %
462,4.7 %
463,4.7 %
464,6.9 %
465,6.9 %
466,4.7 %
467,4.7 %
468,6.6 %
469,6.6 %
470,7.2 %
471,7.2 %
472,7.2 %
473,6.7 %
474,6.7 %
475,6.7 %
476,7.0 %
477,7.0 %
478,6.1 %
479,6.1 %
480,6.0 %
481,6.0 %
482,4.7 %
483,4.7 %
484,4.7 %
485,4.7 %
486,6.9 %
487,6.9 %
488,7.8 %
489,7.8 %
490,4.7 %
491,4.7 %
492,7.0 %
493,7.0 %
494,7.0 %
495,7.0 %
496,4.7 %
497,4.7 %
498,7.1 %
499,7.1 %
500,7.5 %
501,7.5 %
502,4.8 %
503,4.8 %
504,6.9 %
505,6.9 %
506,4.7 %
507,4.7 %
508,7.4 %
509,7.4 %
510,4.7 %
511,4.7 %
512,5.1 %
513,5.1 %
514,7.0 %
515,7.0 %
516,0.0 %
517,0.0 %
518,4.7 %
519,4.7 %
520,8.1 %
521,8.1 %
522,4.7 %
523,4.7 %
524,7.4 %
525,7.4 %
526,5.5 %
527,5.5 %
528,4.7 %
529,4.7 %
530,4.7 %
531,4.7 %
532,5.7 %
533,5.7 %
534,7.3 %
535,7.3 %
536,7.3 %
537,7.3 %
538,7.1 %
539,7.1 %
540,7.8 %
541,7.8 %
542,7.9 %
543,7.9 %
544,7.5 %
545,7.5 %
546,4.7 %
547,4.7 %
548,4.7 %
549,4.7 %
550,8.1 %
551,8.1 %
552,4.7 %
553,4.7 %
554,7.2 %
555,7.2 %
556,7.2 %
557,7.2 %
558,6.3 %
559,6.3 %
560,7.9 %
561,7.9 %
562,4.7 %
563,4.7 %
564,7.1 %
565,7.1 %
566,7.9 %
567,7.9 %
568,5.6 %
569,5.6 %
570,4.7 %
571,4.7 %
572,4.7 %
573,4.7 %
574,4.7 %
575,7.0 %
576,7.0 %
577,7.8 %
578,7.8 %
579,4.7 %
580,4.7 %
581,5.7 %
582,5.7 %
583,4.7 %
584,4.7 %
585,7.1 %
586,7.1 %
587,8.2 %
588,8.2 %
589,4.7 %
590,4.7 %
591,4.7 %
592,4.7 %
593,5.8 %
594,5.8 %
595,8.8 %
596,8.8 %
597,5.0 %
598,5.0 %
599,4.7 %
600,4.7 %
601,8.3 %
602,8.3 %
603,4.7 %
604,4.7 %
605,6.2 %
606,6.2 %
607,10.6 %
608,10.6 %
609,7.7 %
610,7.7 %
611,4.7 %
612,4.7 %
613,7.1 %
614,7.1 %
615,5.4 %
616,5.4 %
617,7.9 %
618,7.9 %
619,6.6 %
620,6.6 %
621,5.3 %
622,5.3 %
623,6.7 %
624,6.7 %
625,6.7 %
626,6.7 %
627,6.5 %
628,6.5 %
629,7.4 %
630,7.4 %
631,7.5 %
632,7.5 %
633,7.1 %
634,7.1 %
635,5.9 %
636,5.9 %
637,7.0 %
638,7.0 %
639,7.1 %
640,7.1 %
641,-383.9 %
642,-383.9 %
643,-75.8 %
644,-75.8 %
645,7.2 %
646,7.2 %
647,6.7 %
648,6.7 %
649,6.6 %
650,6.6 %
651,6.7 %
652,6.7 %
653,4.7 %
654,4.7 %
655,5.5 %
656,5.5 %
657,5.5 %
658,4.7 %
659,4.7 %
660,8.2 %
661,8.2 %
662,9.0 %
663,9.0 %
664,6.7 %
665,6.7 %
666,7.2 %
667,7.2 %
668,7.5 %
669,7.5 %
670,4.7 %
671,4.7 %
672,6.8 %
673,6.8 %
674,6.8 %
675,4.7 %
676,4.7 %
677,6.5 %
678,6.5 %
679,7.9 %
680,7.9 %
681,7.9 %
682,4.7 %
683,4.7 %
684,4.7 %
685,4.7 %
686,6.6 %
687,6.6 %
688,4.7 %
689,4.7 %
690,7.2 %
691,7.2 %
692,4.7 %
693,4.7 %
694,4.7 %
695,6.8 %
696,6.8 %
697,4.7 %
698,4.7 %
699,4.7 %
700,4.7 %
701,4.7 %
702,6.3 %
703,6.3 %
704,4.7 %
705,4.7 %
706,4.7 %
707,4.7 %
708,4.7 %
709,4.7 %
710,6.7 %
711,6.7 %
712,0.0 %
713,0.0 %
714,6.4 %
715,6.4 %
716,7.8 %
717,7.8 %
718,7.3 %
719,7.3 %
720,4.7 %
721,4.7 %
722,4.7 %
723,4.7 %
724,6.3 %
725,6.3 %
726,6.7 %
727,6.7 %
728,4.7 %
729,4.7 %
730,5.1 %
731,5.1 %
732,6.0 %
733,6.0 %
734,6.7 %
735,6.7 %
736,7.2 %
737,7.2 %
738,4.3 %
739,4.3 %
740,4.7 %
741,4.7 %
742,5.2 %
743,5.2 %
744,4.5 %
745,4.5 %
746,4.7 %
747,4.7 %
748,6.0 %
749,6.0 %
750,4.7 %
751,4.7 %
752,5.5 %
753,5.5 %
754,4.7 %
755,4.7 %
756,4.7 %
757,4.7 %
758,4.7 %
759,4.7 %
760,5.6 %
761,5.6 %
762,4.7 %
763,4.7 %
764,4.7 %
765,4.7 %
766,4.7 %
767,4.7 %
768,4.7 %
769,4.7 %
770,4.7 %
771,4.7 %
772,4.7 %
773,4.7 %
774,4.7 %
775,4.7 %
776,4.3 %
777,4.3 %
778,5.4 %
779,5.4 %
780,6.0 %
781,6.0 %
782,4.4 %
783,4.4 %
784,4.6 %
785,4.6 %
786,4.0 %
787,4.0 %
788,4.7 %
789,4.7 %
790,2.3 %
791,2.3 %
792,4.7 %
793,4.7 %
794,4.7 %
795,4.7 %
796,5.4 %
797,5.4 %
798,5.4 %
799,5.4 %
800,4.7 %
801,4.7 %
802,4.7 %
803,4.7 %
804,4.3 %
805,4.3 %
806,4.7 %
807,4.7 %
808,5.2 %
809,5.2 %
810,4.7 %
811,4.7 %
812,4.7 %
813,4.7 %
814,4.7 %
815,5.8 %
816,5.8 %
817,5.1 %
818,5.1 %
819,5.0 %
820,5.0 %
821,4.7 %
822,4.7 %
823,4.7 %
824,4.7 %
825,4.7 %
826,5.9 %
827,5.9 %
828,4.2 %
829,4.2 %
830,5.6 %
831,5.6 %
832,5.5 %
833,5.5 %
834,5.8 %
835,5.8 %
836,4.7 %
837,4.7 %
838,4.8 %
839,4.8 %
840,6.7 %
841,6.7 %
842,6.2 %
843,6.2 %
844,5.6 %
845,5.6 %
846,4.7 %
847,4.7 %
848,4.6 %
849,4.6 %
850,4.7 %
851,4.7 %
852,6.4 %
853,6.4 %
854,5.7 %
855,5.7 %
856,4.7 %
857,4.7 %
858,4.7 %
859,4.7 %
860,4.7 %
861,4.7 %
862,4.7 %
863,4.8 %
864,4.8 %
865,4.7 %
866,4.7 %
867,4.7 %
868,4.7 %
869,4.7 %
870,4.7 %
871,5.5 %
872,5.5 %
873,4.7 %
874,4.7 %
875,4.7 %
876,4.7 %
877,4.7 %
878,4.7 %
879,5.4 %
880,5.4 %
881,4.7 %
882,4.7 %
883,4.7 %
884,4.7 %
885,6.3 %
886,6.3 %
887,5.4 %
888,5.4 %
889,5.4 %
890,5.4 %
891,4.7 %
892,4.7 %
893,5.2 %
894,5.2 %
895,5.8 %
896,5.8 %
897,5.5 %
898,5.5 %
899,6.3 %
900,6.3 %
901,4.7 %
902,4.7 %
903,6.6 %
904,6.6 %
905,5.5 %
906,5.5 %
907,7.1 %
908,7.1 %
909,7.1 %
910,5.3 %
911,5.3 %
912,4.7 %
913,4.7 %
914,5.9 %
915,5.9 %
916,5.0 %
917,5.0 %
918,4.7 %
919,4.7 %
920,0.0 %
921,0.0 %
922,5.8 %
923,5.8 %
924,5.0 %
925,5.0 %
926,6.2 %
927,6.2 %
928,4.7 %
929,4.7 %
930,5.4 %
931,5.4 %
932,5.1 %
933,5.1 %
934,4.7 %
935,4.7 %
936,4.7 %
937,4.7 %
938,5.1 %
939,5.1 %
940,4.7 %
941,4.7 %
942,4.7 %
943,4.7 %
944,4.7 %
945,5.7 %
946,5.7 %
947,7.1 %
948,7.1 %
949,4.7 %
950,4.7 %
951,4.7 %
952,4.7 %
953,4.7 %
954,4.7 %
955,6.3 %
956,6.3 %
957,5.2 %
958,5.2 %
959,5.6 %
960,5.6 %
961,4.7 %
962,4.7 %
963,4.5 %
964,4.5 %
965,5.4 %
966,5.4 %
967,5.1 %
968,5.1 %
969,5.1 %
970,5.1 %
971,4.6 %
972,4.6 %
973,6.0 %
974,6.0 %
975,6.0 %
976,6.0 %
977,5.0 %
978,5.0 %
979,4.9 %
980,4.9 %
981,5.9 %
982,5.9 %
983,5.6 %
984,5.6 %
985,5.1 %
986,5.1 %
987,5.9 %
988,5.9 %
989,5.0 %
990,5.0 %
991,4.7 %
992,4.7 %
993,4.7 %
994,4.7 %
995,4.7 %
996,4.7 %
997,4.7 %
998,6.0 %
999,6.0 %
1000,4.5 %
1001,4.5 %
1002,-75.8 %
1003,-75.8 %
1004,4.7 %
1005,4.7 %
1006,5.1 %
1007,5.1 %
1008,5.2 %
1009,5.2 %
1010,6.3 %
1011,6.3 %
1012,4.7 %
1013,4.7 %
1014,4.7 %
1015,4.7 %
1016,7.4 %
1017,7.4 %
1018,8.2 %
1019,8.2 %
1020,4.7 %
1021,4.7 %
1022,4.7 %
1023,4.7 %
1024,8.6 %
1025,8.6 %
1026,6.2 %
1027,6.2 %
1028,6.2 %
1029,6.2 %
1030,4.2 %
1031,4.2 %
1032,7.7 %
1033,7.7 %
1034,4.7 %
1035,4.7 %
1036,4.7 %
1037,4.7 %
1038,8.2 %
1039,8.2 %
1040,4.7 %
1041,4.7 %
1042,4.7 %
1043,4.7 %
1044,0.6 %
1045,0.6 %
1046,4.7 %
1047,4.7 %
1048,7.0 %
1049,7.0 %
1050,5.7 %
1051,5.7 %
1052,5.8 %
1053,5.8 %
1054,6.1 %
1055,6.1 %
1056,0.6 %
1057,0.6 %
1058,4.7 %
1059,4.7 %
1060,4.7 %
1061,6.8 %
1062,6.8 %
1063,4.7 %
1064,4.7 %
1065,6.9 %
1066,6.9 %
1067,4.5 %
1068,4.5 %
1069,4.7 %
1070,4.7 %
1071,5.5 %
1072,5.5 %
1073,6.0 %
1074,6.0 %
1075,6.0 %
1076,6.0 %
1077,4.7 %
1078,4.7 %
1079,5.1 %
1080,5.1 %
1081,5.2 %
1082,5.2 %
1083,4.6 %
1084,4.6 %
1085,4.6 %
1086,4.7 %
1087,4.7 %
1088,4.7 %
1089,4.7 %
1090,4.7 %
1091,5.8 %
1092,5.8 %
1093,5.5 %
1094,5.5 %
1095,4.7 %
1096,4.7 %
1097,4.7 %
1098,4.7 %
1099,4.4 %
1100,4.4 %
1101,4.7 %
1102,4.7 %
1103,4.7 %
1104,4.7 %
1105,4.7 %
1106,4.7 %
1107,4.7 %
1108,4.7 %
1109,4.7 %
1110,4.7 %
1111,4.7 %
1112,3.7 %
1113,3.7 %
1114,4.7 %
1115,4.7 %
1116,4.7 %
1117,4.7 %
1118,4.7 %
1119,4.7 %
1120,4.7 %
1121,4.7 %
1122,4.7 %
1123,5.4 %
1124,5.4 %
1125,4.7 %
1126,4.7 %
1127,4.7 %
1128,4.7 %
1129,4.7 %
1130,4.7 %
1131,4.7 %
1132,6.0 %
1133,6.0 %
1134,7.1 %
1135,7.1 %
1136,5.9 %
1137,5.9 %
1138,5.8 %
1139,5.8 %
1140,6.8 %
1141,6.8 %
1142,6.8 %
1143,5.4 %
1144,5.4 %
1145,4.7 %
1146,4.7 %
1147,4.7 %
1148,7.4 %
1149,7.4 %
1150,6.3 %
1151,6.3 %
1152,6.3 %
1153,7.2 %
1154,7.2 %
1155,4.3 %
1156,4.3 %
1157,0.0 %
1158,4.7 %
1159,7.4 %
1160,7.4 %
1161,10.6 %
1162,5.5 %
1163,12.6 %
1164,5.0 %
1165,5.0 %
1166,4.7 %
1167,4.7 %
1168,5.2 %
1169,5.2 %
1170,4.7 %
1171,4.7 %
1172,4.7 %
1173,4.7 %
1174,7.5 %
1175,7.5 %
1176,4.7 %
1177,4.7 %
1178,12.5 %
1179,12.5 %
1180,9.0 %
1181,9.0 %
1182,8.9 %
1183,8.9 %
1184,8.9 %
1185,11.9 %
1186,11.9 %
1187,11.9 %
1188,11.9 %
1189,6.1 %
1190,6.1 %
1191,4.7 %
1192,4.7 %
1193,4.7 %
1194,4.7 %
1195,9.1 %
1196,9.1 %
1197,9.3 %
1198,9.3 %
1199,8.3 %
1200,8.3 %
1201,4.7 %
1202,4.7 %
1203,4.7 %
1204,4.7 %
1205,8.2 %
1206,8.2 %
1207,4.7 %
1208,4.7 %
1209,4.7 %
1210,4.7 %
1211,11.6 %
1212,11.6 %
1213,-75.8 %
1214,-75.8 %
1215,10.9 %
1216,10.9 %
1217,8.9 %
1218,8.9 %
1219,8.9 %
1220,8.9 %
1221,8.5 %
1222,8.5 %
1223,9.4 %
1224,9.4 %
1225,4.7 %
1226,7.4 %
1227,6.8 %
1228,4.7 %
1229,9.3 %
1230,7.4 %
1231,6.6 %
1232,10.8 %
1233,10.8 %
1234,10.0 %
1235,10.0 %
1236,4.7 %
1237,4.7 %
1238,0.6 %
1239,0.6 %
1240,8.6 %
1241,8.6 %
1242,8.6 %
1243,8.6 %
1244,9.4 %
1245,9.4 %
1246,6.7 %
1247,6.7 %
1248,4.7 %
1249,4.7 %
1250,4.7 %
1251,4.7 %
1252,8.5 %
1253,8.5 %
1254,9.8 %
1255,9.8 %
1256,7.2 %
1257,7.2 %
1258,5.1 %
1259,5.1 %
1260,4.7 %
1261,4.7 %
1262,4.7 %
1263,4.7 %
1264,4.7 %
1265,4.7 %
1266,5.2 %
1267,5.2 %
1268,5.2 %
1269,5.2 %
1270,4.7 %
1271,4.7 %
1272,4.7 %
1273,4.7 %
1274,6.7 %
1275,6.7 %
1276,6.6 %
1277,6.6 %
1278,4.7 %
1279,4.7 %
1280,4.7 %
1281,4.7 %
1282,4.7 %
1283,4.7 %
1284,4.7 %
1285,6.1 %
1286,6.1 %
1287,4.7 %
1288,4.7 %
1289,4.7 %
1290,4.7 %
1291,4.7 %
1292,4.7 %
1293,4.7 %
1294,4.7 %
1295,4.7 %
1296,4.7 %
1297,4.7 %
1298,7.9 %
1299,11.0 %
1300,4.7 %
1301,8.5 %
1302,9.1 %
1303,4.7 %
1304,4.7 %
1305,6.9 %
1306,0.0 %
1307,8.7 %
1308,10.2 %
1309,-75.7 %
1310,8.2 %
1311,9.7 %
1312,7.2 %
1313,11.2 %
1314,4.7 %
1315,6.7 %
1316,7.7 %
1317,7.1 %
1318,6.8 %
1319,4.7 %
1320,4.1 %
1321,4.6 %
1322,0.6 %
1323,5.1 %
1324,4.7 %
1325,4.7 %
1326,5.2 %
1327,3.9 %
1328,4.7 %
1329,4.7 %
1330,5.2 %
1331,6.7 %
1332,4.7 %
1333,4.7 %
1334,4.7 %
1335,6.0 %
1336,3.9 %
1337,4.4 %
1338,5.4 %
1339,6.8 %
1340,5.2 %
1341,4.6 %
1342,5.8 %
1343,5.0 %
1344,4.8 %
1345,4.6 %
1346,4.4 %
1347,5.8 %
1348,4.7 %
1349,4.7 %
1350,4.7 %
1351,0.0 %
1352,4.2 %
1353,5.5 %
1354,5.8 %
1355,4.7 %
1356,4.7 %
1357,4.7 %
1358,4.7 %
1359,0.6 %
1360,0.6 %
1361,3.4 %
1362,3.4 %
1363,5.5 %
1364,5.5 %
1365,4.7 %
1366,4.7 %
1367,4.7 %
1368,4.7 %
1369,4.7 %
1370,4.7 %
1371,74.1 %
1372,74.1 %
1373,5.2 %
1374,5.2 %
1375,5.9 %
1376,5.9 %
1377,4.7 %
1378,4.7 %
1379,4.7 %
1380,4.7 %
1381,5.1 %
1382,5.1 %
1383,4.7 %
1384,4.7 %
1385,5.0 %
1386,5.0 %
1387,4.7 %
1388,4.7 %
1389,4.7 %
1390,4.7 %
1391,8.5 %
1392,8.5 %
1393,8.5 %
1394,4.2 %
1395,4.2 %
1396,5.9 %
1397,5.9 %
1398,5.9 %
1399,5.2 %
1400,5.2 %
1401,4.7 %
1402,4.7 %
1403,4.7 %
1404,4.7 %
1405,5.5 %
1406,6.8 %
1407,4.7 %
1408,4.7 %
1409,4.7 %
1410,4.7 %
1411,5.8 %
1412,5.8 %
1413,4.4 %
1414,4.4 %
1415,4.7 %
1416,4.7 %
1417,7.1 %
1418,4.7 %
1419,4.7 %
1420,5.2 %
1421,5.7 %
1422,7.5 %
1423,7.5 %
1424,7.5 %
1425,7.7 %
1426,7.7 %
1427,7.7 %
1428,4.7 %
1429,4.7 %
1430,4.7 %
1431,5.9 %
1432,5.9 %
1433,5.9 %
1434,4.6 %
1435,4.6 %
1436,4.6 %
1437,4.6 %
1438,5.0 %
1439,5.0 %
1440,5.0 %
1441,5.0 %
1442,3.9 %
1443,3.9 %
1444,4.7 %
1445,4.7 %
1446,4.7 %
1447,4.7 %
1448,4.7 %
1449,4.7 %
1450,4.7 %
1451,5.2 %
1452,5.2 %
1453,7.2 %
1454,7.2 %
1455,4.8 %
1456,4.8 %
1457,3.8 %
1458,3.8 %
1459,4.7 %
1460,4.7 %
1461,4.7 %
1462,5.8 %
1463,5.8 %
1464,4.7 %
1465,4.7 %
1466,5.5 %
1467,5.5 %
1468,5.5 %
1469,5.5 %
1470,4.7 %
1471,4.7 %
1472,4.7 %
1473,4.7 %
1474,5.4 %
1475,5.4 %
1476,4.7 %
1477,4.7 %
1478,4.7 %
1479,4.7 %
1480,5.4 %
1481,4.7 %
1482,6.7 %
1483,4.7 %
1484,4.7 %
1485,4.7 %
1486,8.9 %
1487,4.7 %
1488,3.8 %
1489,3.8 %
1490,4.1 %
1491,4.1 %
1492,4.7 %
1493,3.8 %
1494,4.7 %
1495,0.6 %
1496,4.7 %
1497,3.0 %
1498,3.0 %
1499,3.3 %
1500,3.9 %
1501,0.0 %
1502,4.7 %
1503,7.7 %
1504,7.5 %
1505,7.7 %
1506,6.9 %
1507,14.8 %
1508,17.9 %
1509,4.7 %
1510,5.6 %
1511,5.6 %
1512,6.3 %
1513,6.3 %
1514,4.7 %
1515,4.7 %
1516,4.7 %
1517,4.7 %
1518,4.7 %
1519,4.7 %
1520,4.7 %
1521,4.7 %
1522,4.7 %
1523,4.7 %
1524,4.7 %
1525,4.7 %
1526,4.7 %
1527,4.7 %
1528,4.7 %
1529,4.7 %
1530,4.7 %
1531,4.7 %
1532,4.7 %
1533,4.7 %
1534,4.7 %
1535,4.7 %
1536,7.7 %
1537,7.7 %
1538,7.4 %
1539,7.4 %
1540,4.6 %
1541,4.6 %
1542,5.8 %
1543,5.8 %
1544,4.7 %
1545,4.7 %
1546,0.0 %
1547,0.0 %
1548,4.9 %
1549,4.9 %
1550,5.1 %
1551,5.1 %
1552,0.6 %
1553,0.6 %
1554,5.0 %
1555,5.0 %
1556,6.0 %
1557,6.0 %
1558,6.8 %
1559,6.8 %
1560,5.4 %
1561,5.4 %
1562,5.8 %
1563,5.8 %
1564,4.7 %
1565,4.7 %
1566,5.1 %
1567,5.1 %
1568,4.7 %
1569,4.7 %
1570,5.1 %
1571,5.1 %
1572,4.7 %
1573,4.7 %
1574,6.6 %
1575,6.6 %
1576,7.4 %
1577,6.2 %
1578,5.8 %
1579,8.4 %
1580,4.7 %
1581,6.2 %
1582,6.8 %
1583,7.1 %
1584,5.5 %
1585,4.5 %
1586,5.0 %
1587,5.0 %
1588,5.0 %
1589,5.0 %
1590,4.7 %
1591,4.7 %
1592,5.4 %
1593,5.4 %
1594,4.7 %
1595,4.7 %
1596,4.7 %
1597,4.7 %
1598,4.7 %
1599,5.0 %
1600,5.0 %
1601,5.6 %
1602,5.6 %
1603,4.7 %
1604,4.7 %
1605,4.7 %
1606,4.7 %
1607,5.2 %
1608,5.2 %
1609,5.2 %
1610,4.7 %
1611,4.7 %
1612,4.9 %
1613,4.9 %
1614,4.7 %
1615,4.3 %
1616,7.7 %
1617,7.2 %
1618,-75.8 %
1619,8.7 %
1620,4.7 %
1621,4.7 %
1622,7.5 %
1623,9.7 %
1624,9.3 %
1625,4.5 %
1626,7.0 %
1627,7.3 %
1628,9.0 %
1629,8.3 %
1630,8.3 %
1631,9.8 %
1632,10.8 %
1633,6.8 %
1634,8.5 %
1635,7.4 %
1636,4.7 %
1637,9.6 %
1638,7.5 %
1639,8.3 %
1640,4.7 %
1641,6.8 %
1642,6.8 %
1643,8.6 %
1644,4.7 %
1645,7.7 %
1646,4.7 %
1647,4.7 %
1648,7.2 %
1649,7.2 %
1650,9.8 %
1651,5.2 %
1652,8.7 %
1653,9.3 %
1654,8.2 %
1655,4.7 %
1656,4.7 %
1657,4.7 %
1658,4.7 %
1659,4.7 %
1660,8.7 %
1661,9.4 %
1662,7.8 %
1663,9.8 %
1664,8.3 %
1665,4.7 %
1666,8.7 %
1667,4.7 %
1668,10.1 %
1669,10.1 %
1670,7.8 %
1671,4.7 %
1672,4.7 %
1673,4.7 %
1674,4.7 %
1675,0.6 %
1676,7.3 %
1677,9.2 %
1678,9.2 %
1679,9.0 %
1680,7.5 %
1681,7.5 %
1682,4.7 %
1683,9.3 %
1684,4.7 %
1685,8.2 %
1686,9.7 %
1687,9.0 %
1688,9.5 %
1689,12.0 %
1690,4.7 %
1691,5.8 %
1692,5.8 %
1693,7.8 %
1694,10.6 %
1695,10.6 %
1696,9.8 %
1697,10.1 %
1698,4.7 %
1699,4.7 %
1700,4.7 %
1701,8.8 %
1702,9.3 %
1703,9.3 %
1704,4.7 %
1705,9.6 %
1706,4.7 %
1707,5.7 %
1708,4.7 %
1709,7.1 %
1710,7.1 %
1711,8.9 %
1712,4.7 %
1713,4.7 %
1714,4.7 %
1715,8.2 %
1716,4.7 %
1717,8.3 %
1718,14.4 %
1719,10.6 %
1720,0.0 %
1721,4.7 %
1722,4.7 %
1723,4.7 %
1724,4.7 %
1725,11.5 %
1726,10.1 %
1727,8.1 %
1728,10.0 %
1729,8.4 %
1730,4.7 %
1731,9.7 %
1732,4.7 %
1733,4.7 %
1734,8.2 %
1735,8.2 %
1736,7.5 %
1737,7.5 %
1738,5.4 %
1739,5.4 %
1740,4.8 %
1741,4.8 %
1742,5.5 %
1743,5.5 %
1744,4.7 %
1745,4.7 %
1746,4.7 %
1747,4.7 %
1748,4.7 %
1749,4.7 %
1750,0.0 %
1751,0.0 %
1752,3.7 %
1753,3.7 %
1754,5.8 %
1755,5.8 %
1756,4.7 %
1757,4.7 %
1758,5.0 %
1759,5.0 %
1760,5.9 %
1761,5.9 %
1762,4.5 %
1763,4.5 %
1764,4.7 %
1765,4.7 %
1766,4.1 %
1767,4.1 %
1768,5.7 %
1769,5.7 %
1770,4.7 %
1771,4.7 %
1772,7.0 %
1773,7.0 %
1774,4.7 %
1775,4.7 %
1776,5.8 %
1777,5.8 %
1778,4.6 %
1779,4.6 %
1780,6.0 %
1781,6.0 %
1782,6.2 %
1783,6.2 %
1784,4.6 %
1785,4.6 %
1786,0.0 %
1787,0.0 %
1788,6.2 %
1789,6.2 %
1790,4.1 %
1791,3.5 %
1792,3.5 %
1793,4.7 %
1794,4.7 %
1795,4.3 %
1796,4.3 %
1797,3.6 %
1798,3.6 %
1799,0.6 %
1800,4.3 %
1801,4.3 %
1802,0.6 %
1803,0.6 %
1804,4.9 %
1805,6.2 %
1806,6.2 %
1807,6.2 %
1808,6.2 %
1809,0.6 %
1810,0.6 %
1811,0.6 %
1812,0.6 %
1813,0.6 %
1814,0.6 %
1815,6.5 %
1816,6.5 %
1817,6.5 %
1818,4.2 %
1819,4.2 %
1820,4.2 %
1821,5.8 %
1822,5.8 %
1823,5.8 %
1824,4.7 %
1825,4.7 %
1826,4.7 %
1827,4.7 %
1828,4.7 %
1829,4.7 %
1830,5.4 %
1831,5.4 %
1832,5.4 %
1833,5.8 %
1834,5.8 %
1835,5.8 %
1836,5.1 %
1837,5.1 %
1838,5.1 %
1839,7.4 %
1840,6.1 %
1841,6.4 %
1842,0.6 %
1843,4.7 %
1844,9.8 %
1845,6.3 %
1846,4.7 %
1847,5.4 %
1848,6.0 %
1849,7.1 %
1850,4.7 %
1851,4.7 %
1852,6.2 %
1853,6.2 %
1854,7.8 %
1855,7.0 %
1856,3.7 %
1857,3.1 %
1858,5.7 %
1859,4.7 %
1860,4.1 %
1861,4.7 %
1862,4.7 %
1863,5.5 %
1864,5.9 %
1865,4.7 %
1866,6.8 %
1867,0.6 %
1868,4.7 %
1869,4.7 %
1870,4.7 %
1871,7.7 %
1872,5.7 %
1873,5.0 %
1874,0.0 %
1875,7.0 %
1876,6.1 %
1877,5.9 %
1878,4.7 %
1879,9.3 %
1880,9.3 %
1881,4.7 %
1882,6.2 %
1883,4.7 %
1884,8.5 %
1885,4.7 %
1886,0.6 %
1887,4.7 %
1888,4.7 %
1889,6.3 %
1890,6.3 %
1891,8.0 %
1892,8.0 %
1893,7.8 %
1894,9.0 %
1895,9.3 %
1896,4.7 %
1897,4.7 %
1898,7.1 %
1899,7.1 %
1900,6.3 %
1901,5.9 %
1902,5.9 %
1903,4.7 %
1904,4.7 %
1905,5.2 %
1906,5.2 %
1907,5.8 %
1908,4.5 %
1909,4.7 %
1910,0.6 %
1911,4.7 %
1912,0.6 %
1913,0.6 %
1914,5.2 %
1915,5.8 %
1916,8.6 %
1917,5.3 %
1918,8.7 %
1919,4.6 %
1920,4.7 %
1921,7.4 %
1922,4.7 %
1923,6.1 %
1924,4.7 %
1925,6.6 %
1926,4.7 %
1927,0.6 %
1928,6.9 %
1929,4.7 %
1930,6.5 %
1931,5.8 %
1932,0.6 %
1933,4.7 %
1934,6.0 %
1935,5.5 %
1936,4.7 %
1937,4.7 %
1938,5.3 %
1939,9.3 %
1940,4.7 %
1941,9.3 %
1942,8.7 %
1943,11.3 %
1944,11.3 %
1945,4.7 %
1946,4.7 %
1947,5.2 %
1948,5.2 %
1949,4.7 %
1950,5.9 %
1951,4.7 %
1952,4.7 %
1953,8.9 %
1954,7.0 %
1955,4.6 %
1956,4.6 %
1957,4.6 %
1958,4.2 %
1959,4.2 %
1960,4.2 %
1961,4.2 %
1962,4.2 %
1963,4.2 %
1964,4.7 %
1965,4.7 %
1966,4.7 %
1967,4.7 %
1968,7.1 %
1969,7.1 %
1970,7.1 %
1971,7.1 %
1972,5.4 %
1973,4.7 %
1974,4.7 %
1975,6.4 %
1976,6.4 %
1977,7.3 %
1978,6.5 %
1979,4.4 %
1980,4.7 %
1981,5.8 %
1982,4.7 %
1983,4.7 %
1984,4.7 %
1985,4.7 %
1986,4.7 %
1987,6.8 %
1988,4.7 %
1989,10.7 %
1990,4.7 %
1991,4.7 %
1992,6.0 %
1993,4.7 %
1994,7.4 %
1995,7.0 %
1996,5.5 %
1997,3.7 %
1998,4.7 %
1999,0.6 %
2000,0.6 %
2001,0.6 %
2002,0.6 %
2003,4.7 %
2004,4.7 %
2005,5.2 %
2006,5.2 %
2007,4.7 %
2008,4.7 %
2009,9.8 %
2010,11.8 %
2011,4.7 %
2012,7.0 %
2013,8.3 %
2014,9.3 %
2015,4.7 %
2016,7.9 %
2017,6.6 %
2018,4.6 %
2019,0.6 %
2020,0.6 %
2021,4.7 %
2022,4.7 %
2023,4.7 %
2024,5.7 %
2025,4.7 %
2026,4.7 %
2027,5.9 %
2028,5.5 %
2029,4.7 %
2030,7.1 %
2031,4.7 %
2032,4.7 %
2033,4.7 %
2034,6.6 %
2035,5.0 %
2036,5.8 %
2037,5.4 %
2038,6.3 %
2039,7.4 %
2040,0.6 %
2041,4.7 %
2042,4.7 %
2043,5.2 %
2044,7.0 %
2045,5.2 %
2046,4.7 %
2047,4.7 %
2048,4.7 %
2049,4.6 %
2050,4.7 %
2051,0.6 %
2052,6.3 %
2053,4.7 %
2054,3.8 %
2055,4.7 %
2056,4.7 %
2057,9.3 %
2058,5.5 %
2059,4.5 %
2060,4.8 %
2061,5.4 %
2062,6.2 %
2063,4.7 %
2064,0.0 %
2065,4.7 %
2066,4.7 %
